"Pertumbuhan M1, M2, dan Kredit Bank",Kredit Bank,1995-02-28,24.6,Bulanan,% YoY
"Pertumbuhan M1, M2, dan Kredit Bank",Kredit Bank,1995-03-31,24.8,Bulanan,% YoY
"Pertumbuhan M1, M2, dan Kredit Bank",Kredit Bank,1995-04-30,26.3,Bulanan,% YoY
"Pertumbuhan M1, M2, dan Kredit Bank",Kredit Bank,1995-05-31,26.1,Bulanan,% YoY
"Pertumbuhan M1, M2, dan Kredit Bank",Kredit Bank,1995-06-30,26.1,Bulanan,% YoY
"Pertumbuhan M1, M2, dan Kredit Bank",Kredit Bank,1995-07-31,26.5,Bulanan,% YoY
"Pertumbuhan M1, M2, dan Kredit Bank",Kredit Bank,1995-08-31,27,Bulanan,% YoY
"Pertumbuhan M1, M2, dan Kredit Bank",Kredit Bank,1995-09-30,26,Bulanan,% YoY
"Pertumbuhan M1, M2, dan Kredit Bank",Kredit Bank,1995-10-31,25.1,Bulanan,% YoY
"Pertumbuhan M1, M2, dan Kredit Bank",Kredit Bank,1995-11-30,23.4,Bulanan,% YoY
"Pertumbuhan M1, M2, dan Kredit Bank",Kredit Bank,1995-12-31,24.2,Bulanan,% YoY
"Pertumbuhan M1, M2, dan Kredit Bank",Kredit Bank,1996-01-31,23.5,Bulanan,% YoY
"Pertumbuhan M1, M2, dan Kredit Bank",Kredit Bank,1996-02-29,23.6,Bulanan,% YoY
"Pertumbuhan M1, M2, dan Kredit Bank",Kredit Bank,1996-03-31,23.6,Bulanan,% YoY
"Pertumbuhan M1, M2, dan Kredit Bank",Kredit Bank,1996-04-30,24.8,Bulanan,% YoY
"Pertumbuhan M1, M2, dan Kredit Bank",Kredit Bank,1996-05-31,24.8,Bulanan,% YoY
"Pertumbuhan M1, M2, dan Kredit Bank",Kredit Bank,1996-06-30,25.5,Bulanan,% YoY
"Pertumbuhan M1, M2, dan Kredit Bank",Kredit Bank,1996-07-31,24.9,Bulanan,% YoY
"Pertumbuhan M1, M2, dan Kredit Bank",Kredit Bank,1996-08-31,23.4,Bulanan,% YoY
"Pertumbuhan M1, M2, dan Kredit Bank",Kredit Bank,1996-09-30,23.8,Bulanan,% YoY
"Pertumbuhan M1, M2, dan Kredit Bank",Kredit Bank,1996-10-31,24,Bulanan,% YoY
"Pertumbuhan M1, M2, dan Kredit Bank",Kredit Bank,1996-11-30,24.6,Bulanan,% YoY
"Pertumbuhan M1, M2, dan Kredit Bank",Kredit Bank,1996-12-31,24.9,Bulanan,% YoY
"Pertumbuhan M1, M2, dan Kredit Bank",Kredit Bank,1997-01-31,25.2,Bulanan,% YoY
"Pertumbuhan M1, M2, dan Kredit Bank",Kredit Bank,1997-02-28,25.1,Bulanan,% YoY
"Pertumbuhan M1, M2, dan Kredit Bank",Kredit Bank,1997-03-31,26.3,Bulanan,% YoY
"Pertumbuhan M1, M2, dan Kredit Bank",Kredit Bank,1997-04-30,25,Bulanan,% YoY
"Pertumbuhan M1, M2, dan Kredit Bank",Kredit Bank,1997-05-31,25.3,Bulanan,% YoY
"Pertumbuhan M1, M2, dan Kredit Bank",Kredit Bank,1997-06-30,26.1,Bulanan,% YoY
"Pertumbuhan M1, M2, dan Kredit Bank",Kredit Bank,1997-07-31,28.5,Bulanan,% YoY
"Pertumbuhan M1, M2, dan Kredit Bank",Kredit Bank,1997-08-31,34,Bulanan,% YoY
"Pertumbuhan M1, M2, dan Kredit Bank",Kredit Bank,1997-09-30,34.8,Bulanan,% YoY
"Pertumbuhan M1, M2, dan Kredit Bank",Kredit Bank,1997-10-31,38.3,Bulanan,% YoY
"Pertumbuhan M1, M2, dan Kredit Bank",Kredit Bank,1997-11-30,33.3,Bulanan,% YoY
"Pertumbuhan M1, M2, dan Kredit Bank",Kredit Bank,1997-12-31,29.1,Bulanan,% YoY
"Pertumbuhan M1, M2, dan Kredit Bank",Kredit Bank,1998-01-31,73.7,Bulanan,% YoY
"Pertumbuhan M1, M2, dan Kredit Bank",Kredit Bank,1998-02-28,61,Bulanan,% YoY
"Pertumbuhan M1, M2, dan Kredit Bank",Kredit Bank,1998-03-31,55.8,Bulanan,% YoY
"Pertumbuhan M1, M2, dan Kredit Bank",Kredit Bank,1998-04-30,50.5,Bulanan,% YoY
"Pertumbuhan M1, M2, dan Kredit Bank",Kredit Bank,1998-05-31,66,Bulanan,% YoY
"Pertumbuhan M1, M2, dan Kredit Bank",Kredit Bank,1998-06-30,90.5,Bulanan,% YoY
"Pertumbuhan M1, M2, dan Kredit Bank",Kredit Bank,1998-07-31,71.1,Bulanan,% YoY
"Pertumbuhan M1, M2, dan Kredit Bank",Kredit Bank,1998-08-31,51.8,Bulanan,% YoY
"Pertumbuhan M1, M2, dan Kredit Bank",Kredit Bank,1998-09-30,45.4,Bulanan,% YoY
"Pertumbuhan M1, M2, dan Kredit Bank",Kredit Bank,1998-10-31,22.6,Bulanan,% YoY
"Pertumbuhan M1, M2, dan Kredit Bank",Kredit Bank,1998-11-30,25,Bulanan,% YoY
"Pertumbuhan M1, M2, dan Kredit Bank",Kredit Bank,1998-12-31,28.9,Bulanan,% YoY
"Pertumbuhan M1, M2, dan Kredit Bank",Kredit Bank,1999-01-31,-1.3,Bulanan,% YoY
"Pertumbuhan M1, M2, dan Kredit Bank",Kredit Bank,1999-02-28,4.1,Bulanan,% YoY
"Pertumbuhan M1, M2, dan Kredit Bank",Kredit Bank,1999-03-31,-23.1,Bulanan,% YoY
"Pertumbuhan M1, M2, dan Kredit Bank",Kredit Bank,1999-04-30,-38.6,Bulanan,% YoY
"Pertumbuhan M1, M2, dan Kredit Bank",Kredit Bank,1999-05-31,-47.4,Bulanan,% YoY
"Pertumbuhan M1, M2, dan Kredit Bank",Kredit Bank,1999-06-30,-59.9,Bulanan,% YoY
"Pertumbuhan M1, M2, dan Kredit Bank",Kredit Bank,1999-07-31,-57.1,Bulanan,% YoY
"Pertumbuhan M1, M2, dan Kredit Bank",Kredit Bank,1999-08-31,-52.6,Bulanan,% YoY
"Pertumbuhan M1, M2, dan Kredit Bank",Kredit Bank,1999-09-30,-50.9,Bulanan,% YoY
"Pertumbuhan M1, M2, dan Kredit Bank",Kredit Bank,1999-10-31,-48.5,Bulanan,% YoY
"Pertumbuhan M1, M2, dan Kredit Bank",Kredit Bank,1999-11-30,-47.3,Bulanan,% YoY
"Pertumbuhan M1, M2, dan Kredit Bank",Kredit Bank,1999-12-31,-53.8,Bulanan,% YoY
"Pertumbuhan M1, M2, dan Kredit Bank",Kredit Bank,2000-01-31,-55.2,Bulanan,% YoY
"Pertumbuhan M1, M2, dan Kredit Bank",Kredit Bank,2000-02-29,-54.2,Bulanan,% YoY
"Pertumbuhan M1, M2, dan Kredit Bank",Kredit Bank,2000-03-31,-39.1,Bulanan,% YoY
"Pertumbuhan M1, M2, dan Kredit Bank",Kredit Bank,2000-04-30,-20.5,Bulanan,% YoY
"Pertumbuhan M1, M2, dan Kredit Bank",Kredit Bank,2000-05-31,-14.3,Bulanan,% YoY
"Pertumbuhan M1, M2, dan Kredit Bank",Kredit Bank,2000-06-30,-4.4,Bulanan,% YoY
"Pertumbuhan M1, M2, dan Kredit Bank",Kredit Bank,2000-07-31,-1.4,Bulanan,% YoY
"Pertumbuhan M1, M2, dan Kredit Bank",Kredit Bank,2000-08-31,-6.1,Bulanan,% YoY
"Pertumbuhan M1, M2, dan Kredit Bank",Kredit Bank,2000-09-30,-5.4,Bulanan,% YoY
"Pertumbuhan M1, M2, dan Kredit Bank",Kredit Bank,2000-10-31,7.3,Bulanan,% YoY
"Pertumbuhan M1, M2, dan Kredit Bank",Kredit Bank,2000-11-30,7.2,Bulanan,% YoY
"Pertumbuhan M1, M2, dan Kredit Bank",Kredit Bank,2000-12-31,19.5,Bulanan,% YoY
"Pertumbuhan M1, M2, dan Kredit Bank",Kredit Bank,2001-01-31,17.2,Bulanan,% YoY
"Pertumbuhan M1, M2, dan Kredit Bank",Kredit Bank,2001-02-28,20,Bulanan,% YoY
"Pertumbuhan M1, M2, dan Kredit Bank",Kredit Bank,2001-03-31,27.8,Bulanan,% YoY
"Pertumbuhan M1, M2, dan Kredit Bank",Kredit Bank,2001-04-30,33.8,Bulanan,% YoY
"Pertumbuhan M1, M2, dan Kredit Bank",Kredit Bank,2001-05-31,26.9,Bulanan,% YoY
"Pertumbuhan M1, M2, dan Kredit Bank",Kredit Bank,2001-06-30,27.6,Bulanan,% YoY
"Pertumbuhan M1, M2, dan Kredit Bank",Kredit Bank,2001-07-31,17.7,Bulanan,% YoY
"Pertumbuhan M1, M2, dan Kredit Bank",Kredit Bank,2001-08-31,19,Bulanan,% YoY
"Pertumbuhan M1, M2, dan Kredit Bank",Kredit Bank,2001-09-30,22.3,Bulanan,% YoY
"Pertumbuhan M1, M2, dan Kredit Bank",Kredit Bank,2001-10-31,22.3,Bulanan,% YoY
"Pertumbuhan M1, M2, dan Kredit Bank",Kredit Bank,2001-11-30,14.3,Bulanan,% YoY
"Pertumbuhan M1, M2, dan Kredit Bank",Kredit Bank,2001-12-31,12.6,Bulanan,% YoY
"Pertumbuhan M1, M2, dan Kredit Bank",Kredit Bank,2002-01-31,10.3,Bulanan,% YoY
"Pertumbuhan M1, M2, dan Kredit Bank",Kredit Bank,2002-02-28,6.7,Bulanan,% YoY
"Pertumbuhan M1, M2, dan Kredit Bank",Kredit Bank,2002-03-31,1,Bulanan,% YoY
"Pertumbuhan M1, M2, dan Kredit Bank",Kredit Bank,2002-04-30,-4.2,Bulanan,% YoY
"Pertumbuhan M1, M2, dan Kredit Bank",Kredit Bank,2002-05-31,-2.8,Bulanan,% YoY
"Pertumbuhan M1, M2, dan Kredit Bank",Kredit Bank,2002-06-30,-1.2,Bulanan,% YoY
"Pertumbuhan M1, M2, dan Kredit Bank",Kredit Bank,2002-07-31,6.1,Bulanan,% YoY
"Pertumbuhan M1, M2, dan Kredit Bank",Kredit Bank,2002-08-31,11.7,Bulanan,% YoY
"Pertumbuhan M1, M2, dan Kredit Bank",Kredit Bank,2002-09-30,8.9,Bulanan,% YoY
"Pertumbuhan M1, M2, dan Kredit Bank",Kredit Bank,2002-10-31,6.4,Bulanan,% YoY
"Pertumbuhan M1, M2, dan Kredit Bank",Kredit Bank,2002-11-30,17.2,Bulanan,% YoY
"Pertumbuhan M1, M2, dan Kredit Bank",Kredit Bank,2002-12-31,20.5,Bulanan,% YoY
"Pertumbuhan M1, M2, dan Kredit Bank",Kredit Bank,2003-01-31,22.8,Bulanan,% YoY
"Pertumbuhan M1, M2, dan Kredit Bank",Kredit Bank,2003-02-28,25.3,Bulanan,% YoY
"Pertumbuhan M1, M2, dan Kredit Bank",Kredit Bank,2003-03-31,30.5,Bulanan,% YoY
"Pertumbuhan M1, M2, dan Kredit Bank",Kredit Bank,2003-04-30,29.8,Bulanan,% YoY
"Pertumbuhan M1, M2, dan Kredit Bank",Kredit Bank,2003-05-31,29.9,Bulanan,% YoY
"Pertumbuhan M1, M2, dan Kredit Bank",Kredit Bank,2003-06-30,28,Bulanan,% YoY
"Pertumbuhan M1, M2, dan Kredit Bank",Kredit Bank,2003-07-31,28.1,Bulanan,% YoY
"Pertumbuhan M1, M2, dan Kredit Bank",Kredit Bank,2003-08-31,24.6,Bulanan,% YoY
"Pertumbuhan M1, M2, dan Kredit Bank",Kredit Bank,2003-09-30,23.4,Bulanan,% YoY
"Pertumbuhan M1, M2, dan Kredit Bank",Kredit Bank,2003-10-31,23.6,Bulanan,% YoY
"Pertumbuhan M1, M2, dan Kredit Bank",Kredit Bank,2003-11-30,21.3,Bulanan,% YoY
"Pertumbuhan M1, M2, dan Kredit Bank",Kredit Bank,2003-12-31,19.5,Bulanan,% YoY
"Pertumbuhan M1, M2, dan Kredit Bank",Kredit Bank,2004-01-31,21,Bulanan,% YoY
"Pertumbuhan M1, M2, dan Kredit Bank",Kredit Bank,2004-02-29,19.5,Bulanan,% YoY
"Pertumbuhan M1, M2, dan Kredit Bank",Kredit Bank,2004-03-31,19.1,Bulanan,% YoY
"Pertumbuhan M1, M2, dan Kredit Bank",Kredit Bank,2004-04-30,19.6,Bulanan,% YoY
"Pertumbuhan M1, M2, dan Kredit Bank",Kredit Bank,2004-05-31,23.4,Bulanan,% YoY
"Pertumbuhan M1, M2, dan Kredit Bank",Kredit Bank,2004-06-30,25,Bulanan,% YoY
"Pertumbuhan M1, M2, dan Kredit Bank",Kredit Bank,2004-07-31,23.9,Bulanan,% YoY
"Pertumbuhan M1, M2, dan Kredit Bank",Kredit Bank,2004-08-31,26.1,Bulanan,% YoY
"Pertumbuhan M1, M2, dan Kredit Bank",Kredit Bank,2004-09-30,25.6,Bulanan,% YoY
"Pertumbuhan M1, M2, dan Kredit Bank",Kredit Bank,2004-10-31,25.6,Bulanan,% YoY
"Pertumbuhan M1, M2, dan Kredit Bank",Kredit Bank,2004-11-30,23.8,Bulanan,% YoY
"Pertumbuhan M1, M2, dan Kredit Bank",Kredit Bank,2004-12-31,27.3,Bulanan,% YoY
"Pertumbuhan M1, M2, dan Kredit Bank",Kredit Bank,2005-01-31,27.5,Bulanan,% YoY
"Pertumbuhan M1, M2, dan Kredit Bank",Kredit Bank,2005-02-28,28.8,Bulanan,% YoY
"Pertumbuhan M1, M2, dan Kredit Bank",Kredit Bank,2005-03-31,29.8,Bulanan,% YoY
"Pertumbuhan M1, M2, dan Kredit Bank",Kredit Bank,2005-04-30,30.3,Bulanan,% YoY
"Pertumbuhan M1, M2, dan Kredit Bank",Kredit Bank,2005-05-31,30.6,Bulanan,% YoY
"Pertumbuhan M1, M2, dan Kredit Bank",Kredit Bank,2005-06-30,29.8,Bulanan,% YoY
"Pertumbuhan M1, M2, dan Kredit Bank",Kredit Bank,2005-07-31,31.6,Bulanan,% YoY
"Pertumbuhan M1, M2, dan Kredit Bank",Kredit Bank,2005-08-31,31.9,Bulanan,% YoY
"Pertumbuhan M1, M2, dan Kredit Bank",Kredit Bank,2005-09-30,32.4,Bulanan,% YoY
"Pertumbuhan M1, M2, dan Kredit Bank",Kredit Bank,2005-10-31,30.3,Bulanan,% YoY
"Pertumbuhan M1, M2, dan Kredit Bank",Kredit Bank,2005-11-30,29,Bulanan,% YoY
"Pertumbuhan M1, M2, dan Kredit Bank",Kredit Bank,2005-12-31,25.8,Bulanan,% YoY
"Pertumbuhan M1, M2, dan Kredit Bank",Kredit Bank,2006-01-31,23.7,Bulanan,% YoY
"Pertumbuhan M1, M2, dan Kredit Bank",Kredit Bank,2006-02-28,21.5,Bulanan,% YoY
"Pertumbuhan M1, M2, dan Kredit Bank",Kredit Bank,2006-03-31,19.1,Bulanan,% YoY
"Pertumbuhan M1, M2, dan Kredit Bank",Kredit Bank,2006-04-30,17,Bulanan,% YoY
"Pertumbuhan M1, M2, dan Kredit Bank",Kredit Bank,2006-05-31,15.1,Bulanan,% YoY
"Pertumbuhan M1, M2, dan Kredit Bank",Kredit Bank,2006-06-30,14.1,Bulanan,% YoY
"Pertumbuhan M1, M2, dan Kredit Bank",Kredit Bank,2006-07-31,11.9,Bulanan,% YoY
"Pertumbuhan M1, M2, dan Kredit Bank",Kredit Bank,2006-08-31,9.6,Bulanan,% YoY
"Pertumbuhan M1, M2, dan Kredit Bank",Kredit Bank,2006-09-30,10,Bulanan,% YoY
"Pertumbuhan M1, M2, dan Kredit Bank",Kredit Bank,2006-10-31,10.5,Bulanan,% YoY
"Pertumbuhan M1, M2, dan Kredit Bank",Kredit Bank,2006-11-30,12,Bulanan,% YoY
"Pertumbuhan M1, M2, dan Kredit Bank",Kredit Bank,2006-12-31,14,Bulanan,% YoY
"Pertumbuhan M1, M2, dan Kredit Bank",Kredit Bank,2007-01-31,13.9,Bulanan,% YoY
"Pertumbuhan M1, M2, dan Kredit Bank",Kredit Bank,2007-02-28,15,Bulanan,% YoY
"Pertumbuhan M1, M2, dan Kredit Bank",Kredit Bank,2007-03-31,16.4,Bulanan,% YoY
"Pertumbuhan M1, M2, dan Kredit Bank",Kredit Bank,2007-04-30,17.5,Bulanan,% YoY
"Pertumbuhan M1, M2, dan Kredit Bank",Kredit Bank,2007-05-31,16.7,Bulanan,% YoY
"Pertumbuhan M1, M2, dan Kredit Bank",Kredit Bank,2007-06-30,19.9,Bulanan,% YoY
"Pertumbuhan M1, M2, dan Kredit Bank",Kredit Bank,2007-07-31,21.2,Bulanan,% YoY
"Pertumbuhan M1, M2, dan Kredit Bank",Kredit Bank,2007-08-31,22.2,Bulanan,% YoY
"Pertumbuhan M1, M2, dan Kredit Bank",Kredit Bank,2007-09-30,22,Bulanan,% YoY
"Pertumbuhan M1, M2, dan Kredit Bank",Kredit Bank,2007-10-31,23.2,Bulanan,% YoY
"Pertumbuhan M1, M2, dan Kredit Bank",Kredit Bank,2007-11-30,24.7,Bulanan,% YoY
"Pertumbuhan M1, M2, dan Kredit Bank",Kredit Bank,2007-12-31,26,Bulanan,% YoY
"Pertumbuhan M1, M2, dan Kredit Bank",Kredit Bank,2008-01-31,27,Bulanan,% YoY
"Pertumbuhan M1, M2, dan Kredit Bank",Kredit Bank,2008-02-29,27.6,Bulanan,% YoY
"Pertumbuhan M1, M2, dan Kredit Bank",Kredit Bank,2008-03-31,29,Bulanan,% YoY
"Pertumbuhan M1, M2, dan Kredit Bank",Kredit Bank,2008-04-30,30.6,Bulanan,% YoY
"Pertumbuhan M1, M2, dan Kredit Bank",Kredit Bank,2008-05-31,32.8,Bulanan,% YoY
"Pertumbuhan M1, M2, dan Kredit Bank",Kredit Bank,2008-06-30,33.6,Bulanan,% YoY
"Pertumbuhan M1, M2, dan Kredit Bank",Kredit Bank,2008-07-31,34.3,Bulanan,% YoY
"Pertumbuhan M1, M2, dan Kredit Bank",Kredit Bank,2008-08-31,35.5,Bulanan,% YoY
"Pertumbuhan M1, M2, dan Kredit Bank",Kredit Bank,2008-09-30,36.9,Bulanan,% YoY
"Pertumbuhan M1, M2, dan Kredit Bank",Kredit Bank,2008-10-31,39.3,Bulanan,% YoY
"Pertumbuhan M1, M2, dan Kredit Bank",Kredit Bank,2008-11-30,38.2,Bulanan,% YoY
"Pertumbuhan M1, M2, dan Kredit Bank",Kredit Bank,2008-12-31,30.8,Bulanan,% YoY
"Pertumbuhan M1, M2, dan Kredit Bank",Kredit Bank,2009-01-31,30.8,Bulanan,% YoY
"Pertumbuhan M1, M2, dan Kredit Bank",Kredit Bank,2009-02-28,29.9,Bulanan,% YoY
"Pertumbuhan M1, M2, dan Kredit Bank",Kredit Bank,2009-03-31,25.9,Bulanan,% YoY
"Pertumbuhan M1, M2, dan Kredit Bank",Kredit Bank,2009-04-30,22.1,Bulanan,% YoY
"Pertumbuhan M1, M2, dan Kredit Bank",Kredit Bank,2009-05-31,18.9,Bulanan,% YoY
"Pertumbuhan M1, M2, dan Kredit Bank",Kredit Bank,2009-06-30,15.9,Bulanan,% YoY
"Pertumbuhan M1, M2, dan Kredit Bank",Kredit Bank,2009-07-31,14.6,Bulanan,% YoY
"Pertumbuhan M1, M2, dan Kredit Bank",Kredit Bank,2009-08-31,13.1,Bulanan,% YoY
"Pertumbuhan M1, M2, dan Kredit Bank",Kredit Bank,2009-09-30,9.6,Bulanan,% YoY
"Pertumbuhan M1, M2, dan Kredit Bank",Kredit Bank,2009-10-31,6.2,Bulanan,% YoY
"Pertumbuhan M1, M2, dan Kredit Bank",Kredit Bank,2009-11-30,5.7,Bulanan,% YoY
"Pertumbuhan M1, M2, dan Kredit Bank",Kredit Bank,2009-12-31,10.1,Bulanan,% YoY
"Pertumbuhan M1, M2, dan Kredit Bank",Kredit Bank,2010-01-31,9.7,Bulanan,% YoY
"Pertumbuhan M1, M2, dan Kredit Bank",Kredit Bank,2010-02-28,10.4,Bulanan,% YoY
"Pertumbuhan M1, M2, dan Kredit Bank",Kredit Bank,2010-03-31,12.4,Bulanan,% YoY
"Pertumbuhan M1, M2, dan Kredit Bank",Kredit Bank,2010-04-30,15.8,Bulanan,% YoY
"Pertumbuhan M1, M2, dan Kredit Bank",Kredit Bank,2010-05-31,18.8,Bulanan,% YoY
"Pertumbuhan M1, M2, dan Kredit Bank",Kredit Bank,2010-06-30,20.6,Bulanan,% YoY
"Pertumbuhan M1, M2, dan Kredit Bank",Kredit Bank,2010-07-31,20.5,Bulanan,% YoY
"Pertumbuhan M1, M2, dan Kredit Bank",Kredit Bank,2010-08-31,21.2,Bulanan,% YoY
"Pertumbuhan M1, M2, dan Kredit Bank",Kredit Bank,2010-09-30,22.5,Bulanan,% YoY
"Pertumbuhan M1, M2, dan Kredit Bank",Kredit Bank,2010-10-31,22.5,Bulanan,% YoY
"Pertumbuhan M1, M2, dan Kredit Bank",Kredit Bank,2010-11-30,22.8,Bulanan,% YoY
"Pertumbuhan M1, M2, dan Kredit Bank",Kredit Bank,2010-12-31,23.3,Bulanan,% YoY
"Pertumbuhan M1, M2, dan Kredit Bank",Kredit Bank,2011-01-31,24.1,Bulanan,% YoY
"Pertumbuhan M1, M2, dan Kredit Bank",Kredit Bank,2011-02-28,24.3,Bulanan,% YoY
"Pertumbuhan M1, M2, dan Kredit Bank",Kredit Bank,2011-03-31,24.7,Bulanan,% YoY
"Pertumbuhan M1, M2, dan Kredit Bank",Kredit Bank,2011-04-30,23.9,Bulanan,% YoY
"Pertumbuhan M1, M2, dan Kredit Bank",Kredit Bank,2011-05-31,23.5,Bulanan,% YoY
"Pertumbuhan M1, M2, dan Kredit Bank",Kredit Bank,2011-06-30,23,Bulanan,% YoY
"Pertumbuhan M1, M2, dan Kredit Bank",Kredit Bank,2011-07-31,23.5,Bulanan,% YoY
"Pertumbuhan M1, M2, dan Kredit Bank",Kredit Bank,2011-08-31,23.9,Bulanan,% YoY
"Pertumbuhan M1, M2, dan Kredit Bank",Kredit Bank,2011-09-30,25.2,Bulanan,% YoY
"Pertumbuhan M1, M2, dan Kredit Bank",Kredit Bank,2011-10-31,25.8,Bulanan,% YoY
"Pertumbuhan M1, M2, dan Kredit Bank",Kredit Bank,2011-11-30,25.8,Bulanan,% YoY
"Pertumbuhan M1, M2, dan Kredit Bank",Kredit Bank,2011-12-31,24.7,Bulanan,% YoY
"Pertumbuhan M1, M2, dan Kredit Bank",Kredit Bank,2012-01-31,25.2,Bulanan,% YoY
"Pertumbuhan M1, M2, dan Kredit Bank",Kredit Bank,2012-02-29,24.2,Bulanan,% YoY
"Pertumbuhan M1, M2, dan Kredit Bank",Kredit Bank,2012-03-31,24.9,Bulanan,% YoY
"Pertumbuhan M1, M2, dan Kredit Bank",Kredit Bank,2012-04-30,25.9,Bulanan,% YoY
"Pertumbuhan M1, M2, dan Kredit Bank",Kredit Bank,2012-05-31,26.1,Bulanan,% YoY
"Pertumbuhan M1, M2, dan Kredit Bank",Kredit Bank,2012-06-30,25.7,Bulanan,% YoY
"Pertumbuhan M1, M2, dan Kredit Bank",Kredit Bank,2012-07-31,25.2,Bulanan,% YoY
"Pertumbuhan M1, M2, dan Kredit Bank",Kredit Bank,2012-08-31,23.6,Bulanan,% YoY
"Pertumbuhan M1, M2, dan Kredit Bank",Kredit Bank,2012-09-30,23,Bulanan,% YoY
"Pertumbuhan M1, M2, dan Kredit Bank",Kredit Bank,2012-10-31,22.8,Bulanan,% YoY
"Pertumbuhan M1, M2, dan Kredit Bank",Kredit Bank,2012-11-30,22.6,Bulanan,% YoY
"Pertumbuhan M1, M2, dan Kredit Bank",Kredit Bank,2012-12-31,23.1,Bulanan,% YoY
"Pertumbuhan M1, M2, dan Kredit Bank",Kredit Bank,2013-01-31,23.1,Bulanan,% YoY
"Pertumbuhan M1, M2, dan Kredit Bank",Kredit Bank,2013-02-28,23.4,Bulanan,% YoY
"Pertumbuhan M1, M2, dan Kredit Bank",Kredit Bank,2013-03-31,22.2,Bulanan,% YoY
"Pertumbuhan M1, M2, dan Kredit Bank",Kredit Bank,2013-04-30,21.9,Bulanan,% YoY
"Pertumbuhan M1, M2, dan Kredit Bank",Kredit Bank,2013-05-31,21.1,Bulanan,% YoY
"Pertumbuhan M1, M2, dan Kredit Bank",Kredit Bank,2013-06-30,20.8,Bulanan,% YoY
"Pertumbuhan M1, M2, dan Kredit Bank",Kredit Bank,2013-07-31,22.4,Bulanan,% YoY
"Pertumbuhan M1, M2, dan Kredit Bank",Kredit Bank,2013-08-31,22.2,Bulanan,% YoY
"Pertumbuhan M1, M2, dan Kredit Bank",Kredit Bank,2013-09-30,23.4,Bulanan,% YoY
"Pertumbuhan M1, M2, dan Kredit Bank",Kredit Bank,2013-10-31,22.1,Bulanan,% YoY
"Pertumbuhan M1, M2, dan Kredit Bank",Kredit Bank,2013-11-30,22,Bulanan,% YoY
"Pertumbuhan M1, M2, dan Kredit Bank",Kredit Bank,2013-12-31,21.4,Bulanan,% YoY
"Pertumbuhan M1, M2, dan Kredit Bank",Kredit Bank,2014-01-31,21.2,Bulanan,% YoY
"Pertumbuhan M1, M2, dan Kredit Bank",Kredit Bank,2014-02-28,20.2,Bulanan,% YoY
"Pertumbuhan M1, M2, dan Kredit Bank",Kredit Bank,2014-03-31,19.4,Bulanan,% YoY
"Pertumbuhan M1, M2, dan Kredit Bank",Kredit Bank,2014-04-30,18.9,Bulanan,% YoY
"Pertumbuhan M1, M2, dan Kredit Bank",Kredit Bank,2014-05-31,17.7,Bulanan,% YoY
"Pertumbuhan M1, M2, dan Kredit Bank",Kredit Bank,2014-06-30,17.1,Bulanan,% YoY
"Pertumbuhan M1, M2, dan Kredit Bank",Kredit Bank,2014-07-31,15.4,Bulanan,% YoY
"Pertumbuhan M1, M2, dan Kredit Bank",Kredit Bank,2014-08-31,13.8,Bulanan,% YoY
"Pertumbuhan M1, M2, dan Kredit Bank",Kredit Bank,2014-09-30,12.8,Bulanan,% YoY
"Pertumbuhan M1, M2, dan Kredit Bank",Kredit Bank,2014-10-31,12.5,Bulanan,% YoY
"Pertumbuhan M1, M2, dan Kredit Bank",Kredit Bank,2014-11-30,11.9,Bulanan,% YoY
"Pertumbuhan M1, M2, dan Kredit Bank",Kredit Bank,2014-12-31,11.6,Bulanan,% YoY
"Pertumbuhan M1, M2, dan Kredit Bank",Kredit Bank,2015-01-31,11.4,Bulanan,% YoY
"Pertumbuhan M1, M2, dan Kredit Bank",Kredit Bank,2015-02-28,12,Bulanan,% YoY
"Pertumbuhan M1, M2, dan Kredit Bank",Kredit Bank,2015-03-31,11.1,Bulanan,% YoY
"Pertumbuhan M1, M2, dan Kredit Bank",Kredit Bank,2015-04-30,10.3,Bulanan,% YoY
"Pertumbuhan M1, M2, dan Kredit Bank",Kredit Bank,2015-05-31,10.3,Bulanan,% YoY
"Pertumbuhan M1, M2, dan Kredit Bank",Kredit Bank,2015-06-30,10.3,Bulanan,% YoY
"Pertumbuhan M1, M2, dan Kredit Bank",Kredit Bank,2015-07-31,9.6,Bulanan,% YoY
"Pertumbuhan M1, M2, dan Kredit Bank",Kredit Bank,2015-08-31,10.8,Bulanan,% YoY
"Pertumbuhan M1, M2, dan Kredit Bank",Kredit Bank,2015-09-30,10.9,Bulanan,% YoY
"Pertumbuhan M1, M2, dan Kredit Bank",Kredit Bank,2015-10-31,10.1,Bulanan,% YoY
"Pertumbuhan M1, M2, dan Kredit Bank",Kredit Bank,2015-11-30,9.6,Bulanan,% YoY
"Pertumbuhan M1, M2, dan Kredit Bank",Kredit Bank,2015-12-31,10.1,Bulanan,% YoY
"Pertumbuhan M1, M2, dan Kredit Bank",Kredit Bank,2016-01-31,9.3,Bulanan,% YoY
"Pertumbuhan M1, M2, dan Kredit Bank",Kredit Bank,2016-02-29,8.1,Bulanan,% YoY
"Pertumbuhan M1, M2, dan Kredit Bank",Kredit Bank,2016-03-31,8.4,Bulanan,% YoY
"Pertumbuhan M1, M2, dan Kredit Bank",Kredit Bank,2016-04-30,7.7,Bulanan,% YoY
"Pertumbuhan M1, M2, dan Kredit Bank",Kredit Bank,2016-05-31,8.1,Bulanan,% YoY
"Pertumbuhan M1, M2, dan Kredit Bank",Kredit Bank,2016-06-30,8.7,Bulanan,% YoY
"Pertumbuhan M1, M2, dan Kredit Bank",Kredit Bank,2016-07-31,7.6,Bulanan,% YoY
"Pertumbuhan M1, M2, dan Kredit Bank",Kredit Bank,2016-08-31,6.8,Bulanan,% YoY
"Pertumbuhan M1, M2, dan Kredit Bank",Kredit Bank,2016-09-30,6.4,Bulanan,% YoY
"Pertumbuhan M1, M2, dan Kredit Bank",Kredit Bank,2016-10-31,7.4,Bulanan,% YoY
"Pertumbuhan M1, M2, dan Kredit Bank",Kredit Bank,2016-11-30,8.5,Bulanan,% YoY
"Pertumbuhan M1, M2, dan Kredit Bank",Kredit Bank,2016-12-31,7.8,Bulanan,% YoY
"Pertumbuhan M1, M2, dan Kredit Bank",Kredit Bank,2017-01-31,8.2,Bulanan,% YoY
"Pertumbuhan M1, M2, dan Kredit Bank",Kredit Bank,2017-02-28,8.4,Bulanan,% YoY
"Pertumbuhan M1, M2, dan Kredit Bank",Kredit Bank,2017-03-31,9.2,Bulanan,% YoY
"Pertumbuhan M1, M2, dan Kredit Bank",Kredit Bank,2017-04-30,9.4,Bulanan,% YoY
"Pertumbuhan M1, M2, dan Kredit Bank",Kredit Bank,2017-05-31,8.6,Bulanan,% YoY
"Pertumbuhan M1, M2, dan Kredit Bank",Kredit Bank,2017-06-30,7.6,Bulanan,% YoY
"Pertumbuhan M1, M2, dan Kredit Bank",Kredit Bank,2017-07-31,8,Bulanan,% YoY
"Pertumbuhan M1, M2, dan Kredit Bank",Kredit Bank,2017-08-31,8,Bulanan,% YoY
"Pertumbuhan M1, M2, dan Kredit Bank",Kredit Bank,2017-09-30,7.7,Bulanan,% YoY
"Pertumbuhan M1, M2, dan Kredit Bank",Kredit Bank,2017-10-31,8.1,Bulanan,% YoY
"Pertumbuhan M1, M2, dan Kredit Bank",Kredit Bank,2017-11-30,,Bulanan,% YoY
