Tingkat Perubahan Nilai Tukar Beberapa Negara,Euro,2016-10-05,-0.011204482,Harian,% DtD
Tingkat Perubahan Nilai Tukar Beberapa Negara,Euro,2016-10-06,0.493052443,Harian,% DtD
Tingkat Perubahan Nilai Tukar Beberapa Negara,Euro,2016-10-07,-0.434879572,Harian,% DtD
Tingkat Perubahan Nilai Tukar Beberapa Negara,Euro,2016-10-10,0.537574196,Harian,% DtD
Tingkat Perubahan Nilai Tukar Beberapa Negara,Euro,2016-10-11,0.779770525,Harian,% DtD
Tingkat Perubahan Nilai Tukar Beberapa Negara,Euro,2016-10-12,0.420028739,Harian,% DtD
Tingkat Perubahan Nilai Tukar Beberapa Negara,Euro,2016-10-13,-0.451293341,Harian,% DtD
Tingkat Perubahan Nilai Tukar Beberapa Negara,Euro,2016-10-14,0.762936754,Harian,% DtD
Tingkat Perubahan Nilai Tukar Beberapa Negara,Euro,2016-10-17,-0.241413366,Harian,% DtD
Tingkat Perubahan Nilai Tukar Beberapa Negara,Euro,2016-10-18,0.17599824,Harian,% DtD
Tingkat Perubahan Nilai Tukar Beberapa Negara,Euro,2016-10-19,0.065883386,Harian,% DtD
Tingkat Perubahan Nilai Tukar Beberapa Negara,Euro,2016-10-20,0.406013387,Harian,% DtD
Tingkat Perubahan Nilai Tukar Beberapa Negara,Euro,2016-10-21,0.404371585,Harian,% DtD
Tingkat Perubahan Nilai Tukar Beberapa Negara,Euro,2016-10-24,0.032654838,Harian,% DtD
Tingkat Perubahan Nilai Tukar Beberapa Negara,Euro,2016-10-25,-0.065288357,Harian,% DtD
Tingkat Perubahan Nilai Tukar Beberapa Negara,Euro,2016-10-26,-0.18510453,Harian,% DtD
Tingkat Perubahan Nilai Tukar Beberapa Negara,Euro,2016-10-27,0.109086942,Harian,% DtD
Tingkat Perubahan Nilai Tukar Beberapa Negara,Euro,2016-10-28,-0.817260543,Harian,% DtD
Tingkat Perubahan Nilai Tukar Beberapa Negara,Euro,2016-10-31,0.054932982,Harian,% DtD
Tingkat Perubahan Nilai Tukar Beberapa Negara,Euro,2016-11-01,-0.680794993,Harian,% DtD
Tingkat Perubahan Nilai Tukar Beberapa Negara,Euro,2016-11-02,-0.375898286,Harian,% DtD
Tingkat Perubahan Nilai Tukar Beberapa Negara,Euro,2016-11-03,-0.066585285,Harian,% DtD
Tingkat Perubahan Nilai Tukar Beberapa Negara,Euro,2016-11-04,-0.322043309,Harian,% DtD
Tingkat Perubahan Nilai Tukar Beberapa Negara,Euro,2016-11-07,0.913547237,Harian,% DtD
Tingkat Perubahan Nilai Tukar Beberapa Negara,Euro,2016-11-08,0.132479576,Harian,% DtD
Tingkat Perubahan Nilai Tukar Beberapa Negara,Euro,2016-11-09,1.069459757,Harian,% DtD
Tingkat Perubahan Nilai Tukar Beberapa Negara,Euro,2016-11-10,0.141813025,Harian,% DtD
Tingkat Perubahan Nilai Tukar Beberapa Negara,Euro,2016-11-11,0.337690632,Harian,% DtD
Tingkat Perubahan Nilai Tukar Beberapa Negara,Euro,2016-11-14,1.118228205,Harian,% DtD
Tingkat Perubahan Nilai Tukar Beberapa Negara,Euro,2016-11-15,0.128838308,Harian,% DtD
Tingkat Perubahan Nilai Tukar Beberapa Negara,Euro,2016-11-16,0.3002359,Harian,% DtD
Tingkat Perubahan Nilai Tukar Beberapa Negara,Euro,2016-11-17,0.620055591,Harian,% DtD
Tingkat Perubahan Nilai Tukar Beberapa Negara,Euro,2016-11-18,0.3399915,Harian,% DtD
Tingkat Perubahan Nilai Tukar Beberapa Negara,Euro,2016-11-21,-0.370605676,Harian,% DtD
Tingkat Perubahan Nilai Tukar Beberapa Negara,Euro,2016-11-22,0.010628122,Harian,% DtD
Tingkat Perubahan Nilai Tukar Beberapa Negara,Euro,2016-11-23,0.712008502,Harian,% DtD
Tingkat Perubahan Nilai Tukar Beberapa Negara,Euro,2016-11-24,-0.021103725,Harian,% DtD
Tingkat Perubahan Nilai Tukar Beberapa Negara,Euro,2016-11-25,-0.36939314,Harian,% DtD
Tingkat Perubahan Nilai Tukar Beberapa Negara,Euro,2016-11-28,-0.169491525,Harian,% DtD
Tingkat Perubahan Nilai Tukar Beberapa Negara,Euro,2016-11-29,-0.360780985,Harian,% DtD
Tingkat Perubahan Nilai Tukar Beberapa Negara,Euro,2016-11-30,0.575079872,Harian,% DtD
Tingkat Perubahan Nilai Tukar Beberapa Negara,Euro,2016-12-01,-0.688267683,Harian,% DtD
Tingkat Perubahan Nilai Tukar Beberapa Negara,Euro,2016-12-02,-0.04264847,Harian,% DtD
Tingkat Perubahan Nilai Tukar Beberapa Negara,Euro,2016-12-05,-0.906666667,Harian,% DtD
Tingkat Perubahan Nilai Tukar Beberapa Negara,Euro,2016-12-06,0.430570506,Harian,% DtD
Tingkat Perubahan Nilai Tukar Beberapa Negara,Euro,2016-12-07,-0.321543408,Harian,% DtD
Tingkat Perubahan Nilai Tukar Beberapa Negara,Euro,2016-12-08,1.301075269,Harian,% DtD
Tingkat Perubahan Nilai Tukar Beberapa Negara,Euro,2016-12-09,0.509500053,Harian,% DtD
Tingkat Perubahan Nilai Tukar Beberapa Negara,Euro,2016-12-12,-0.707572077,Harian,% DtD
Tingkat Perubahan Nilai Tukar Beberapa Negara,Euro,2016-12-13,0.095724314,Harian,% DtD
Tingkat Perubahan Nilai Tukar Beberapa Negara,Euro,2016-12-14,0.850069068,Harian,% DtD
Tingkat Perubahan Nilai Tukar Beberapa Negara,Euro,2016-12-15,1.180065325,Harian,% DtD
Tingkat Perubahan Nilai Tukar Beberapa Negara,Euro,2016-12-16,-0.364469437,Harian,% DtD
Tingkat Perubahan Nilai Tukar Beberapa Negara,Euro,2016-12-19,0.470317726,Harian,% DtD
Tingkat Perubahan Nilai Tukar Beberapa Negara,Euro,2016-12-20,0.145636118,Harian,% DtD
Tingkat Perubahan Nilai Tukar Beberapa Negara,Euro,2016-12-21,-0.353173367,Harian,% DtD
Tingkat Perubahan Nilai Tukar Beberapa Negara,Euro,2016-12-22,-0.125091212,Harian,% DtD
Tingkat Perubahan Nilai Tukar Beberapa Negara,Euro,2016-12-23,-0.177434506,Harian,% DtD
Tingkat Perubahan Nilai Tukar Beberapa Negara,Euro,2016-12-26,0.010455876,Harian,% DtD
Tingkat Perubahan Nilai Tukar Beberapa Negara,Euro,2016-12-27,-0.020909566,Harian,% DtD
Tingkat Perubahan Nilai Tukar Beberapa Negara,Euro,2016-12-28,0.428735752,Harian,% DtD
Tingkat Perubahan Nilai Tukar Beberapa Negara,Euro,2016-12-29,-0.74968763,Harian,% DtD
Tingkat Perubahan Nilai Tukar Beberapa Negara,Euro,2016-12-30,-0.272765422,Harian,% DtD
Tingkat Perubahan Nilai Tukar Beberapa Negara,Euro,2017-01-02,0.620660635,Harian,% DtD
Tingkat Perubahan Nilai Tukar Beberapa Negara,Euro,2017-01-03,0.480920021,Harian,% DtD
Tingkat Perubahan Nilai Tukar Beberapa Negara,Euro,2017-01-04,-0.801165331,Harian,% DtD
Tingkat Perubahan Nilai Tukar Beberapa Negara,Euro,2017-01-05,-1.111810363,Harian,% DtD
Tingkat Perubahan Nilai Tukar Beberapa Negara,Euro,2017-01-06,0.689435723,Harian,% DtD
Tingkat Perubahan Nilai Tukar Beberapa Negara,Euro,2017-01-09,-0.358158643,Harian,% DtD
Tingkat Perubahan Nilai Tukar Beberapa Negara,Euro,2017-01-10,0.169151073,Harian,% DtD
Tingkat Perubahan Nilai Tukar Beberapa Negara,Euro,2017-01-11,-0.263852243,Harian,% DtD
Tingkat Perubahan Nilai Tukar Beberapa Negara,Euro,2017-01-12,-0.285714286,Harian,% DtD
Tingkat Perubahan Nilai Tukar Beberapa Negara,Euro,2017-01-13,-0.297145283,Harian,% DtD
Tingkat Perubahan Nilai Tukar Beberapa Negara,Euro,2017-01-16,0.415114423,Harian,% DtD
Tingkat Perubahan Nilai Tukar Beberapa Negara,Euro,2017-01-17,-1.05999576,Harian,% DtD
Tingkat Perubahan Nilai Tukar Beberapa Negara,Euro,2017-01-18,0.792800514,Harian,% DtD
Tingkat Perubahan Nilai Tukar Beberapa Negara,Euro,2017-01-19,-0.329506803,Harian,% DtD
Tingkat Perubahan Nilai Tukar Beberapa Negara,Euro,2017-01-20,-0.341260531,Harian,% DtD
Tingkat Perubahan Nilai Tukar Beberapa Negara,Euro,2017-01-23,-0.588550027,Harian,% DtD
Tingkat Perubahan Nilai Tukar Beberapa Negara,Euro,2017-01-24,0.312163617,Harian,% DtD
Tingkat Perubahan Nilai Tukar Beberapa Negara,Euro,2017-01-25,-0.160961477,Harian,% DtD
Tingkat Perubahan Nilai Tukar Beberapa Negara,Euro,2017-01-26,0.612639725,Harian,% DtD
Tingkat Perubahan Nilai Tukar Beberapa Negara,Euro,2017-01-27,-0.149556671,Harian,% DtD
Tingkat Perubahan Nilai Tukar Beberapa Negara,Euro,2017-01-30,0.02139724,Harian,% DtD
Tingkat Perubahan Nilai Tukar Beberapa Negara,Euro,2017-01-31,-0.941277142,Harian,% DtD
Tingkat Perubahan Nilai Tukar Beberapa Negara,Euro,2017-02-01,0.26994925,Harian,% DtD
Tingkat Perubahan Nilai Tukar Beberapa Negara,Euro,2017-02-02,0.096920095,Harian,% DtD
Tingkat Perubahan Nilai Tukar Beberapa Negara,Euro,2017-02-03,-0.247444863,Harian,% DtD
Tingkat Perubahan Nilai Tukar Beberapa Negara,Euro,2017-02-06,0.323554789,Harian,% DtD
Tingkat Perubahan Nilai Tukar Beberapa Negara,Euro,2017-02-07,0.623521823,Harian,% DtD
Tingkat Perubahan Nilai Tukar Beberapa Negara,Euro,2017-02-08,-0.138888889,Harian,% DtD
Tingkat Perubahan Nilai Tukar Beberapa Negara,Euro,2017-02-09,0.406547555,Harian,% DtD
Tingkat Perubahan Nilai Tukar Beberapa Negara,Euro,2017-02-10,0.138518913,Harian,% DtD
Tingkat Perubahan Nilai Tukar Beberapa Negara,Euro,2017-02-13,0.414981911,Harian,% DtD
Tingkat Perubahan Nilai Tukar Beberapa Negara,Euro,2017-02-14,0.180141994,Harian,% DtD
Tingkat Perubahan Nilai Tukar Beberapa Negara,Euro,2017-02-15,-0.211550666,Harian,% DtD
Tingkat Perubahan Nilai Tukar Beberapa Negara,Euro,2017-02-16,-0.688997244,Harian,% DtD
Tingkat Perubahan Nilai Tukar Beberapa Negara,Euro,2017-02-17,0.565695378,Harian,% DtD
Tingkat Perubahan Nilai Tukar Beberapa Negara,Euro,2017-02-20,-0.010613458,Harian,% DtD
Tingkat Perubahan Nilai Tukar Beberapa Negara,Euro,2017-02-21,0.743020911,Harian,% DtD
Tingkat Perubahan Nilai Tukar Beberapa Negara,Euro,2017-02-22,-0.210725951,Harian,% DtD
Tingkat Perubahan Nilai Tukar Beberapa Negara,Euro,2017-02-23,-0.22172949,Harian,% DtD
Tingkat Perubahan Nilai Tukar Beberapa Negara,Euro,2017-02-24,0.19047619,Harian,% DtD
Tingkat Perubahan Nilai Tukar Beberapa Negara,Euro,2017-02-27,-0.232361639,Harian,% DtD
Tingkat Perubahan Nilai Tukar Beberapa Negara,Euro,2017-02-28,0.095278425,Harian,% DtD
Tingkat Perubahan Nilai Tukar Beberapa Negara,Euro,2017-03-01,0.285563194,Harian,% DtD
Tingkat Perubahan Nilai Tukar Beberapa Negara,Euro,2017-03-02,0.379666737,Harian,% DtD
Tingkat Perubahan Nilai Tukar Beberapa Negara,Euro,2017-03-03,-1.103172935,Harian,% DtD
Tingkat Perubahan Nilai Tukar Beberapa Negara,Euro,2017-03-06,0.403697015,Harian,% DtD
Tingkat Perubahan Nilai Tukar Beberapa Negara,Euro,2017-03-07,0.137551582,Harian,% DtD
Tingkat Perubahan Nilai Tukar Beberapa Negara,Euro,2017-03-08,0.243026205,Harian,% DtD
Tingkat Perubahan Nilai Tukar Beberapa Negara,Euro,2017-03-09,-0.347844419,Harian,% DtD
Tingkat Perubahan Nilai Tukar Beberapa Negara,Euro,2017-03-10,-0.899090332,Harian,% DtD
Tingkat Perubahan Nilai Tukar Beberapa Negara,Euro,2017-03-13,0.192122959,Harian,% DtD
Tingkat Perubahan Nilai Tukar Beberapa Negara,Euro,2017-03-14,0.458080324,Harian,% DtD
Tingkat Perubahan Nilai Tukar Beberapa Negara,Euro,2017-03-15,-1.198303287,Harian,% DtD
Tingkat Perubahan Nilai Tukar Beberapa Negara,Euro,2017-03-16,-0.30052592,Harian,% DtD
Tingkat Perubahan Nilai Tukar Beberapa Negara,Euro,2017-03-17,0.247604694,Harian,% DtD
Tingkat Perubahan Nilai Tukar Beberapa Negara,Euro,2017-03-20,0,Harian,% DtD
Tingkat Perubahan Nilai Tukar Beberapa Negara,Euro,2017-03-21,-0.66580756,Harian,% DtD
Tingkat Perubahan Nilai Tukar Beberapa Negara,Euro,2017-03-22,0.12972973,Harian,% DtD
Tingkat Perubahan Nilai Tukar Beberapa Negara,Euro,2017-03-23,0.12956165,Harian,% DtD
Tingkat Perubahan Nilai Tukar Beberapa Negara,Euro,2017-03-24,-0.140176838,Harian,% DtD
Tingkat Perubahan Nilai Tukar Beberapa Negara,Euro,2017-03-27,-0.593888349,Harian,% DtD
Tingkat Perubahan Nilai Tukar Beberapa Negara,Euro,2017-03-28,0.445361721,Harian,% DtD
Tingkat Perubahan Nilai Tukar Beberapa Negara,Euro,2017-03-29,0.454201363,Harian,% DtD
Tingkat Perubahan Nilai Tukar Beberapa Negara,Euro,2017-03-30,0.850468296,Harian,% DtD
Tingkat Perubahan Nilai Tukar Beberapa Negara,Euro,2017-03-31,0.18146883,Harian,% DtD
Tingkat Perubahan Nilai Tukar Beberapa Negara,Euro,2017-04-03,-0.138518913,Harian,% DtD
Tingkat Perubahan Nilai Tukar Beberapa Negara,Euro,2017-04-04,-0.032010243,Harian,% DtD
Tingkat Perubahan Nilai Tukar Beberapa Negara,Euro,2017-04-05,0.096061479,Harian,% DtD
Tingkat Perubahan Nilai Tukar Beberapa Negara,Euro,2017-04-06,0.170612071,Harian,% DtD
Tingkat Perubahan Nilai Tukar Beberapa Negara,Euro,2017-04-07,0.521609538,Harian,% DtD
Tingkat Perubahan Nilai Tukar Beberapa Negara,Euro,2017-04-10,-0.06353913,Harian,% DtD
Tingkat Perubahan Nilai Tukar Beberapa Negara,Euro,2017-04-11,-0.074176115,Harian,% DtD
Tingkat Perubahan Nilai Tukar Beberapa Negara,Euro,2017-04-12,-0.572640509,Harian,% DtD
Tingkat Perubahan Nilai Tukar Beberapa Negara,Euro,2017-04-13,0.501279863,Harian,% DtD
Tingkat Perubahan Nilai Tukar Beberapa Negara,Euro,2017-04-14,-0.010612332,Harian,% DtD
Tingkat Perubahan Nilai Tukar Beberapa Negara,Euro,2017-04-17,-0.275949904,Harian,% DtD
Tingkat Perubahan Nilai Tukar Beberapa Negara,Euro,2017-04-18,-0.819497659,Harian,% DtD
Tingkat Perubahan Nilai Tukar Beberapa Negara,Euro,2017-04-19,0.182423007,Harian,% DtD
Tingkat Perubahan Nilai Tukar Beberapa Negara,Euro,2017-04-20,-0.053556127,Harian,% DtD
Tingkat Perubahan Nilai Tukar Beberapa Negara,Euro,2017-04-21,-0.06430179,Harian,% DtD
Tingkat Perubahan Nilai Tukar Beberapa Negara,Euro,2017-04-24,-1.329758713,Harian,% DtD
Tingkat Perubahan Nilai Tukar Beberapa Negara,Euro,2017-04-25,-0.53255081,Harian,% DtD
Tingkat Perubahan Nilai Tukar Beberapa Negara,Euro,2017-04-26,0.207604895,Harian,% DtD
Tingkat Perubahan Nilai Tukar Beberapa Negara,Euro,2017-04-27,0.283502344,Harian,% DtD
Tingkat Perubahan Nilai Tukar Beberapa Negara,Euro,2017-04-28,-0.206589105,Harian,% DtD
Tingkat Perubahan Nilai Tukar Beberapa Negara,Euro,2017-05-01,-0.03268686,Harian,% DtD
Tingkat Perubahan Nilai Tukar Beberapa Negara,Euro,2017-05-02,-0.305177112,Harian,% DtD
Tingkat Perubahan Nilai Tukar Beberapa Negara,Euro,2017-05-03,0.437301848,Harian,% DtD
Tingkat Perubahan Nilai Tukar Beberapa Negara,Euro,2017-05-04,-0.903450528,Harian,% DtD
Tingkat Perubahan Nilai Tukar Beberapa Negara,Euro,2017-05-05,-0.131810193,Harian,% DtD
Tingkat Perubahan Nilai Tukar Beberapa Negara,Euro,2017-05-08,0.68191817,Harian,% DtD
Tingkat Perubahan Nilai Tukar Beberapa Negara,Euro,2017-05-09,0.458815818,Harian,% DtD
Tingkat Perubahan Nilai Tukar Beberapa Negara,Euro,2017-05-10,0.065245759,Harian,% DtD
Tingkat Perubahan Nilai Tukar Beberapa Negara,Euro,2017-05-11,0.054336014,Harian,% DtD
Tingkat Perubahan Nilai Tukar Beberapa Negara,Euro,2017-05-12,-0.651678071,Harian,% DtD
Tingkat Perubahan Nilai Tukar Beberapa Negara,Euro,2017-05-15,-0.393571663,Harian,% DtD
Tingkat Perubahan Nilai Tukar Beberapa Negara,Euro,2017-05-16,-0.965865437,Harian,% DtD
Tingkat Perubahan Nilai Tukar Beberapa Negara,Euro,2017-05-17,-0.687132883,Harian,% DtD
Tingkat Perubahan Nilai Tukar Beberapa Negara,Euro,2017-05-18,0.513335565,Harian,% DtD
Tingkat Perubahan Nilai Tukar Beberapa Negara,Euro,2017-05-19,-0.932607972,Harian,% DtD
Tingkat Perubahan Nilai Tukar Beberapa Negara,Euro,2017-05-22,-0.268967836,Harian,% DtD
Tingkat Perubahan Nilai Tukar Beberapa Negara,Euro,2017-05-23,0.48320036,Harian,% DtD
Tingkat Perubahan Nilai Tukar Beberapa Negara,Euro,2017-05-24,-0.313129054,Harian,% DtD
Tingkat Perubahan Nilai Tukar Beberapa Negara,Euro,2017-05-25,0.06730985,Harian,% DtD
Tingkat Perubahan Nilai Tukar Beberapa Negara,Euro,2017-05-26,0.269058296,Harian,% DtD
Tingkat Perubahan Nilai Tukar Beberapa Negara,Euro,2017-05-29,0.156529517,Harian,% DtD
Tingkat Perubahan Nilai Tukar Beberapa Negara,Euro,2017-05-30,-0.200937709,Harian,% DtD
Tingkat Perubahan Nilai Tukar Beberapa Negara,Euro,2017-05-31,-0.514541387,Harian,% DtD
Tingkat Perubahan Nilai Tukar Beberapa Negara,Euro,2017-06-01,0.281088374,Harian,% DtD
Tingkat Perubahan Nilai Tukar Beberapa Negara,Euro,2017-06-02,-0.62787308,Harian,% DtD
Tingkat Perubahan Nilai Tukar Beberapa Negara,Euro,2017-06-05,0.259505811,Harian,% DtD
Tingkat Perubahan Nilai Tukar Beberapa Negara,Euro,2017-06-06,-0.213819491,Harian,% DtD
Tingkat Perubahan Nilai Tukar Beberapa Negara,Euro,2017-06-07,0.191722116,Harian,% DtD
Tingkat Perubahan Nilai Tukar Beberapa Negara,Euro,2017-06-08,0.382710491,Harian,% DtD
Tingkat Perubahan Nilai Tukar Beberapa Negara,Euro,2017-06-09,0.168199148,Harian,% DtD
Tingkat Perubahan Nilai Tukar Beberapa Negara,Euro,2017-06-12,-0.078361133,Harian,% DtD
Tingkat Perubahan Nilai Tukar Beberapa Negara,Euro,2017-06-13,-0.067219359,Harian,% DtD
Tingkat Perubahan Nilai Tukar Beberapa Negara,Euro,2017-06-14,-0.067264574,Harian,% DtD
Tingkat Perubahan Nilai Tukar Beberapa Negara,Euro,2017-06-15,0.661880188,Harian,% DtD
Tingkat Perubahan Nilai Tukar Beberapa Negara,Euro,2017-06-16,-0.468070879,Harian,% DtD
Tingkat Perubahan Nilai Tukar Beberapa Negara,Euro,2017-06-19,0.436681223,Harian,% DtD
Tingkat Perubahan Nilai Tukar Beberapa Negara,Euro,2017-06-20,0.122630992,Harian,% DtD
Tingkat Perubahan Nilai Tukar Beberapa Negara,Euro,2017-06-21,-0.300634673,Harian,% DtD
Tingkat Perubahan Nilai Tukar Beberapa Negara,Euro,2017-06-22,0.156354702,Harian,% DtD
Tingkat Perubahan Nilai Tukar Beberapa Negara,Euro,2017-06-23,-0.390276539,Harian,% DtD
Tingkat Perubahan Nilai Tukar Beberapa Negara,Euro,2017-06-26,0.111944476,Harian,% DtD
Tingkat Perubahan Nilai Tukar Beberapa Negara,Euro,2017-06-27,-1.38655932,Harian,% DtD
Tingkat Perubahan Nilai Tukar Beberapa Negara,Euro,2017-06-28,-0.328835469,Harian,% DtD
Tingkat Perubahan Nilai Tukar Beberapa Negara,Euro,2017-06-29,-0.55745165,Harian,% DtD
Tingkat Perubahan Nilai Tukar Beberapa Negara,Euro,2017-06-30,0.125843725,Harian,% DtD
Tingkat Perubahan Nilai Tukar Beberapa Negara,Euro,2017-07-03,0.548446069,Harian,% DtD
Tingkat Perubahan Nilai Tukar Beberapa Negara,Euro,2017-07-04,0.170454545,Harian,% DtD
Tingkat Perubahan Nilai Tukar Beberapa Negara,Euro,2017-07-05,-0.068065797,Harian,% DtD
Tingkat Perubahan Nilai Tukar Beberapa Negara,Euro,2017-07-06,-0.624361449,Harian,% DtD
Tingkat Perubahan Nilai Tukar Beberapa Negara,Euro,2017-07-07,0.205620288,Harian,% DtD
Tingkat Perubahan Nilai Tukar Beberapa Negara,Euro,2017-07-10,0,Harian,% DtD
Tingkat Perubahan Nilai Tukar Beberapa Negara,Euro,2017-07-11,-0.581395349,Harian,% DtD
Tingkat Perubahan Nilai Tukar Beberapa Negara,Euro,2017-07-12,0.481596147,Harian,% DtD
Tingkat Perubahan Nilai Tukar Beberapa Negara,Euro,2017-07-13,0.125527787,Harian,% DtD
Tingkat Perubahan Nilai Tukar Beberapa Negara,Euro,2017-07-14,-0.626852063,Harian,% DtD
Tingkat Perubahan Nilai Tukar Beberapa Negara,Euro,2017-07-17,-0.080284436,Harian,% DtD
Tingkat Perubahan Nilai Tukar Beberapa Negara,Euro,2017-07-18,-0.654269972,Harian,% DtD
Tingkat Perubahan Nilai Tukar Beberapa Negara,Euro,2017-07-19,0.335066436,Harian,% DtD
Tingkat Perubahan Nilai Tukar Beberapa Negara,Euro,2017-07-20,-0.990327038,Harian,% DtD
Tingkat Perubahan Nilai Tukar Beberapa Negara,Euro,2017-07-21,-0.302395906,Harian,% DtD
Tingkat Perubahan Nilai Tukar Beberapa Negara,Euro,2017-07-24,0.198320112,Harian,% DtD
Tingkat Perubahan Nilai Tukar Beberapa Negara,Euro,2017-07-25,-0.046571196,Harian,% DtD
Tingkat Perubahan Nilai Tukar Beberapa Negara,Euro,2017-07-26,-0.73383809,Harian,% DtD
Tingkat Perubahan Nilai Tukar Beberapa Negara,Euro,2017-07-27,0.492842056,Harian,% DtD
Tingkat Perubahan Nilai Tukar Beberapa Negara,Euro,2017-07-28,-0.618869687,Harian,% DtD
Tingkat Perubahan Nilai Tukar Beberapa Negara,Euro,2017-07-31,-0.775467043,Harian,% DtD
Tingkat Perubahan Nilai Tukar Beberapa Negara,Euro,2017-08-01,0.331557134,Harian,% DtD
Tingkat Perubahan Nilai Tukar Beberapa Negara,Euro,2017-08-02,-0.448483418,Harian,% DtD
Tingkat Perubahan Nilai Tukar Beberapa Negara,Euro,2017-08-03,-0.118553646,Harian,% DtD
Tingkat Perubahan Nilai Tukar Beberapa Negara,Euro,2017-08-04,0.818991098,Harian,% DtD
Tingkat Perubahan Nilai Tukar Beberapa Negara,Euro,2017-08-07,-0.18836826,Harian,% DtD
Tingkat Perubahan Nilai Tukar Beberapa Negara,Euro,2017-08-08,0.365652276,Harian,% DtD
Tingkat Perubahan Nilai Tukar Beberapa Negara,Euro,2017-08-09,-0.058761312,Harian,% DtD
Tingkat Perubahan Nilai Tukar Beberapa Negara,Euro,2017-08-10,-0.105832549,Harian,% DtD
Tingkat Perubahan Nilai Tukar Beberapa Negara,Euro,2017-08-11,-0.423778693,Harian,% DtD
Tingkat Perubahan Nilai Tukar Beberapa Negara,Euro,2017-08-14,0.342830122,Harian,% DtD
Tingkat Perubahan Nilai Tukar Beberapa Negara,Euro,2017-08-15,0.400565504,Harian,% DtD
Tingkat Perubahan Nilai Tukar Beberapa Negara,Euro,2017-08-16,-0.281624032,Harian,% DtD
Tingkat Perubahan Nilai Tukar Beberapa Negara,Euro,2017-08-17,0.37655919,Harian,% DtD
Tingkat Perubahan Nilai Tukar Beberapa Negara,Euro,2017-08-18,-0.316529894,Harian,% DtD
Tingkat Perubahan Nilai Tukar Beberapa Negara,Euro,2017-08-21,-0.458661649,Harian,% DtD
Tingkat Perubahan Nilai Tukar Beberapa Negara,Euro,2017-08-22,0.448960302,Harian,% DtD
Tingkat Perubahan Nilai Tukar Beberapa Negara,Euro,2017-08-23,-0.376382028,Harian,% DtD
Tingkat Perubahan Nilai Tukar Beberapa Negara,Euro,2017-08-24,0.059031877,Harian,% DtD
Tingkat Perubahan Nilai Tukar Beberapa Negara,Euro,2017-08-25,-1.050147493,Harian,% DtD
Tingkat Perubahan Nilai Tukar Beberapa Negara,Euro,2017-08-28,-0.453136179,Harian,% DtD
Tingkat Perubahan Nilai Tukar Beberapa Negara,Euro,2017-08-29,0.047915668,Harian,% DtD
Tingkat Perubahan Nilai Tukar Beberapa Negara,Euro,2017-08-30,0.754310345,Harian,% DtD
Tingkat Perubahan Nilai Tukar Beberapa Negara,Euro,2017-08-31,-0.213903743,Harian,% DtD
Tingkat Perubahan Nilai Tukar Beberapa Negara,Euro,2017-09-01,0.416815529,Harian,% DtD
Tingkat Perubahan Nilai Tukar Beberapa Negara,Euro,2017-09-04,-0.308349146,Harian,% DtD
Tingkat Perubahan Nilai Tukar Beberapa Negara,Euro,2017-09-05,-0.142755175,Harian,% DtD
Tingkat Perubahan Nilai Tukar Beberapa Negara,Euro,2017-09-06,-0.035739814,Harian,% DtD
Tingkat Perubahan Nilai Tukar Beberapa Negara,Euro,2017-09-07,-0.881897271,Harian,% DtD
Tingkat Perubahan Nilai Tukar Beberapa Negara,Euro,2017-09-08,-0.108212096,Harian,% DtD
Tingkat Perubahan Nilai Tukar Beberapa Negara,Euro,2017-09-11,0.698122292,Harian,% DtD
Tingkat Perubahan Nilai Tukar Beberapa Negara,Euro,2017-09-12,-0.107578293,Harian,% DtD
Tingkat Perubahan Nilai Tukar Beberapa Negara,Euro,2017-09-13,0.670096925,Harian,% DtD
Tingkat Perubahan Nilai Tukar Beberapa Negara,Euro,2017-09-14,-0.273386426,Harian,% DtD
Tingkat Perubahan Nilai Tukar Beberapa Negara,Euro,2017-09-15,-0.238379023,Harian,% DtD
Tingkat Perubahan Nilai Tukar Beberapa Negara,Euro,2017-09-18,-0.059737157,Harian,% DtD
Tingkat Perubahan Nilai Tukar Beberapa Negara,Euro,2017-09-19,-0.334728033,Harian,% DtD
Tingkat Perubahan Nilai Tukar Beberapa Negara,Euro,2017-09-20,0.851625285,Harian,% DtD
Tingkat Perubahan Nilai Tukar Beberapa Negara,Euro,2017-09-21,-0.404376784,Harian,% DtD
Tingkat Perubahan Nilai Tukar Beberapa Negara,Euro,2017-09-22,-0.071650346,Harian,% DtD
Tingkat Perubahan Nilai Tukar Beberapa Negara,Euro,2017-09-25,0.848470363,Harian,% DtD
Tingkat Perubahan Nilai Tukar Beberapa Negara,Euro,2017-09-26,0.485839554,Harian,% DtD
Tingkat Perubahan Nilai Tukar Beberapa Negara,Euro,2017-09-27,0.400943396,Harian,% DtD
Tingkat Perubahan Nilai Tukar Beberapa Negara,Euro,2017-09-28,-0.352360817,Harian,% DtD
Tingkat Perubahan Nilai Tukar Beberapa Negara,Euro,2017-09-29,-0.23573786,Harian,% DtD
Tingkat Perubahan Nilai Tukar Beberapa Negara,Euro,2017-10-02,0.697069943,Harian,% DtD
Tingkat Perubahan Nilai Tukar Beberapa Negara,Euro,2017-10-03,-0.093863663,Harian,% DtD
Tingkat Perubahan Nilai Tukar Beberapa Negara,Euro,2017-10-04,-0.129183793,Harian,% DtD
Tingkat Perubahan Nilai Tukar Beberapa Negara,Euro,2017-10-05,0.411571025,Harian,% DtD
Tingkat Perubahan Nilai Tukar Beberapa Negara,Euro,2017-10-06,-0.163953625,Harian,% DtD
Tingkat Perubahan Nilai Tukar Beberapa Negara,Euro,2017-10-09,-0.082111437,Harian,% DtD
Tingkat Perubahan Nilai Tukar Beberapa Negara,Euro,2017-10-10,-0.575252407,Harian,% DtD
Tingkat Perubahan Nilai Tukar Beberapa Negara,Euro,2017-10-11,-0.436887472,Harian,% DtD
Tingkat Perubahan Nilai Tukar Beberapa Negara,Euro,2017-10-12,0.249051233,Harian,% DtD
Tingkat Perubahan Nilai Tukar Beberapa Negara,Euro,2017-10-13,0.070980717,Harian,% DtD
Tingkat Perubahan Nilai Tukar Beberapa Negara,Euro,2017-10-16,0.21279111,Harian,% DtD
Tingkat Perubahan Nilai Tukar Beberapa Negara,Euro,2017-10-17,0.259525776,Harian,% DtD
Tingkat Perubahan Nilai Tukar Beberapa Negara,Euro,2017-10-18,-0.176491352,Harian,% DtD
Tingkat Perubahan Nilai Tukar Beberapa Negara,Euro,2017-10-19,-0.55398397,Harian,% DtD
Tingkat Perubahan Nilai Tukar Beberapa Negara,Euro,2017-10-20,0.592627711,Harian,% DtD
Tingkat Perubahan Nilai Tukar Beberapa Negara,Euro,2017-10-23,0.282785437,Harian,% DtD
Tingkat Perubahan Nilai Tukar Beberapa Negara,Euro,2017-10-24,-0.093996005,Harian,% DtD
Tingkat Perubahan Nilai Tukar Beberapa Negara,Euro,2017-10-25,-0.446901094,Harian,% DtD
Tingkat Perubahan Nilai Tukar Beberapa Negara,Euro,2017-10-26,1.405788541,Harian,% DtD
Tingkat Perubahan Nilai Tukar Beberapa Negara,Euro,2017-10-27,0.349487418,Harian,% DtD
Tingkat Perubahan Nilai Tukar Beberapa Negara,Euro,2017-10-30,-0.371488275,Harian,% DtD
Tingkat Perubahan Nilai Tukar Beberapa Negara,Euro,2017-10-31,0.058261478,Harian,% DtD
Tingkat Perubahan Nilai Tukar Beberapa Negara,Euro,2017-11-01,0.232910213,Harian,% DtD
Tingkat Perubahan Nilai Tukar Beberapa Negara,Euro,2017-11-02,-0.348553503,Harian,% DtD
Tingkat Perubahan Nilai Tukar Beberapa Negara,Euro,2017-11-03,0.443045354,Harian,% DtD
Tingkat Perubahan Nilai Tukar Beberapa Negara,Euro,2017-11-06,-0.023215322,Harian,% DtD
Tingkat Perubahan Nilai Tukar Beberapa Negara,Euro,2017-11-07,0.208986416,Harian,% DtD
Tingkat Perubahan Nilai Tukar Beberapa Negara,Euro,2017-11-08,-0.069516858,Harian,% DtD
Tingkat Perubahan Nilai Tukar Beberapa Negara,Euro,2017-11-09,-0.405797101,Harian,% DtD
Tingkat Perubahan Nilai Tukar Beberapa Negara,Euro,2017-11-10,-0.19790454,Harian,% DtD
Tingkat Perubahan Nilai Tukar Beberapa Negara,Euro,2017-11-13,-0.023329056,Harian,% DtD
Tingkat Perubahan Nilai Tukar Beberapa Negara,Euro,2017-11-14,-1.108388753,Harian,% DtD
Tingkat Perubahan Nilai Tukar Beberapa Negara,Euro,2017-11-15,0.05899009,Harian,% DtD
Tingkat Perubahan Nilai Tukar Beberapa Negara,Euro,2017-11-16,0.188656998,Harian,% DtD
Tingkat Perubahan Nilai Tukar Beberapa Negara,Euro,2017-11-17,-0.188301754,Harian,% DtD
Tingkat Perubahan Nilai Tukar Beberapa Negara,Euro,2017-11-20,0.49522462,Harian,% DtD
Tingkat Perubahan Nilai Tukar Beberapa Negara,Euro,2017-11-21,-0.046931832,Harian,% DtD
Tingkat Perubahan Nilai Tukar Beberapa Negara,Euro,2017-11-22,-0.704308017,Harian,% DtD
Tingkat Perubahan Nilai Tukar Beberapa Negara,Euro,2017-11-23,-0.236434567,Harian,% DtD
Tingkat Perubahan Nilai Tukar Beberapa Negara,Euro,2017-11-24,-0.699134969,Harian,% DtD
Tingkat Perubahan Nilai Tukar Beberapa Negara,Euro,2017-11-27,0.298329356,Harian,% DtD
Tingkat Perubahan Nilai Tukar Beberapa Negara,Euro,2017-11-28,0.487804878,Harian,% DtD
Tingkat Perubahan Nilai Tukar Beberapa Negara,Euro,2017-11-29,-0.059199621,Harian,% DtD
Tingkat Perubahan Nilai Tukar Beberapa Negara,Euro,2017-11-30,-0.473877503,Harian,% DtD
Tingkat Perubahan Nilai Tukar Beberapa Negara,Euro,2017-12-01,0.083323414,Harian,% DtD
Tingkat Perubahan Nilai Tukar Beberapa Negara,Euro,2017-12-04,0.237868696,Harian,% DtD
Tingkat Perubahan Nilai Tukar Beberapa Negara,Euro,2017-12-05,0.332225914,Harian,% DtD
Tingkat Perubahan Nilai Tukar Beberapa Negara,Euro,2017-12-06,0.260170293,Harian,% DtD
Tingkat Perubahan Nilai Tukar Beberapa Negara,Euro,2017-12-07,0.188723756,Harian,% DtD
Tingkat Perubahan Nilai Tukar Beberapa Negara,Euro,2017-12-08,0,Harian,% DtD
Tingkat Perubahan Nilai Tukar Beberapa Negara,Euro,2017-12-11,0.035319049,Harian,% DtD
Tingkat Perubahan Nilai Tukar Beberapa Negara,Euro,2017-12-12,0.223608332,Harian,% DtD
Tingkat Perubahan Nilai Tukar Beberapa Negara,Euro,2017-12-13,-0.70455613,Harian,% DtD
Tingkat Perubahan Nilai Tukar Beberapa Negara,Euro,2017-12-14,0.413907285,Harian,% DtD
Tingkat Perubahan Nilai Tukar Beberapa Negara,Euro,2017-12-15,0.235543517,Harian,% DtD
Tingkat Perubahan Nilai Tukar Beberapa Negara,Euro,2017-12-18,-0.270238515,Harian,% DtD
Tingkat Perubahan Nilai Tukar Beberapa Negara,Euro,2017-12-19,-0.494816211,Harian,% DtD
Tingkat Perubahan Nilai Tukar Beberapa Negara,Euro,2017-12-20,-0.260478333,Harian,% DtD
Tingkat Perubahan Nilai Tukar Beberapa Negara,Euro,2017-12-21,-0.02374169,Harian,% DtD
Tingkat Perubahan Nilai Tukar Beberapa Negara,Euro,2017-12-22,0.094989314,Harian,% DtD
Tingkat Perubahan Nilai Tukar Beberapa Negara,Euro,2017-12-25,-0.047449585,Harian,% DtD
Tingkat Perubahan Nilai Tukar Beberapa Negara,Euro,2017-12-26,0.083076193,Harian,% DtD
Tingkat Perubahan Nilai Tukar Beberapa Negara,Euro,2017-12-27,-0.2490217,Harian,% DtD
Tingkat Perubahan Nilai Tukar Beberapa Negara,Euro,2017-12-28,-0.463623395,Harian,% DtD
Tingkat Perubahan Nilai Tukar Beberapa Negara,Euro,2017-12-29,-0.513555476,Harian,% DtD
Tingkat Perubahan Nilai Tukar Beberapa Negara,Euro,2018-01-01,#N/A,Harian,% DtD
Tingkat Perubahan Nilai Tukar Beberapa Negara,Euro,2018-01-02,#N/A,Harian,% DtD
Tingkat Perubahan Nilai Tukar Beberapa Negara,Euro,2018-01-03,0.361750874,Harian,% DtD
Tingkat Perubahan Nilai Tukar Beberapa Negara,Euro,2018-01-04,-0.444551244,Harian,% DtD
Tingkat Perubahan Nilai Tukar Beberapa Negara,Euro,2018-01-05,0.325850833,Harian,% DtD
Tingkat Perubahan Nilai Tukar Beberapa Negara,Euro,2018-01-08,0.51726212,Harian,% DtD
Tingkat Perubahan Nilai Tukar Beberapa Negara,Euro,2018-01-09,0.263283868,Harian,% DtD
Tingkat Perubahan Nilai Tukar Beberapa Negara,Euro,2018-01-10,-0.095488183,Harian,% DtD
Tingkat Perubahan Nilai Tukar Beberapa Negara,Euro,2018-01-11,-0.704898447,Harian,% DtD
Tingkat Perubahan Nilai Tukar Beberapa Negara,Euro,2018-01-12,-1.395740585,Harian,% DtD
Tingkat Perubahan Nilai Tukar Beberapa Negara,Euro,2018-01-15,-0.500305064,Harian,% DtD
Tingkat Perubahan Nilai Tukar Beberapa Negara,Euro,2018-01-16,0.036791759,Harian,% DtD
Tingkat Perubahan Nilai Tukar Beberapa Negara,Euro,2018-01-17,0.600711046,Harian,% DtD
Tingkat Perubahan Nilai Tukar Beberapa Negara,Euro,2018-01-18,-0.426517183,Harian,% DtD
Tingkat Perubahan Nilai Tukar Beberapa Negara,Euro,2018-01-19,0.159099253,Harian,% DtD
Tingkat Perubahan Nilai Tukar Beberapa Negara,Euro,2018-01-22,-0.354349951,Harian,% DtD
Tingkat Perubahan Nilai Tukar Beberapa Negara,Euro,2018-01-23,-0.294297977,Harian,% DtD
Tingkat Perubahan Nilai Tukar Beberapa Negara,Euro,2018-01-24,-0.885499939,Harian,% DtD
Tingkat Perubahan Nilai Tukar Beberapa Negara,Euro,2018-01-25,0.099267899,Harian,% DtD
Tingkat Perubahan Nilai Tukar Beberapa Negara,Euro,2018-01-26,-0.272716003,Harian,% DtD
Tingkat Perubahan Nilai Tukar Beberapa Negara,Euro,2018-01-29,0.385332505,Harian,% DtD
Tingkat Perubahan Nilai Tukar Beberapa Negara,Euro,2018-01-30,-0.160970778,Harian,% DtD
Tingkat Perubahan Nilai Tukar Beberapa Negara,Euro,2018-01-31,-0.086816321,Harian,% DtD
Tingkat Perubahan Nilai Tukar Beberapa Negara,Euro,2018-02-01,-0.744786495,Harian,% DtD
Tingkat Perubahan Nilai Tukar Beberapa Negara,Euro,2018-02-02,0.012506253,Harian,% DtD
Tingkat Perubahan Nilai Tukar Beberapa Negara,Euro,2018-02-05,#N/A,Harian,% DtD
Tingkat Perubahan Nilai Tukar Beberapa Negara,Euro,2018-02-06,#N/A,Harian,% DtD
Tingkat Perubahan Nilai Tukar Beberapa Negara,Euro,2018-02-07,#N/A,Harian,% DtD
Tingkat Perubahan Nilai Tukar Beberapa Negara,Euro,2018-02-08,#N/A,Harian,% DtD
Tingkat Perubahan Nilai Tukar Beberapa Negara,Euro,2018-02-09,#N/A,Harian,% DtD
Tingkat Perubahan Nilai Tukar Beberapa Negara,Euro,2018-02-12,#N/A,Harian,% DtD
Tingkat Perubahan Nilai Tukar Beberapa Negara,Euro,2018-02-13,#N/A,Harian,% DtD
Tingkat Perubahan Nilai Tukar Beberapa Negara,Euro,2018-02-14,#N/A,Harian,% DtD
Tingkat Perubahan Nilai Tukar Beberapa Negara,Euro,2018-02-15,#N/A,Harian,% DtD
Tingkat Perubahan Nilai Tukar Beberapa Negara,Euro,2018-02-16,#N/A,Harian,% DtD
Tingkat Perubahan Nilai Tukar Beberapa Negara,Euro,2018-02-19,#N/A,Harian,% DtD
